{
    "name": "singer",
    "roles": [
        "singer"
    ],
    "lookups": [
        "free-text",
        "keywords"
    ],
    "keywords": [
        {
            "keyword": "abraham mateo",
            "synonyms": [
                "abraham mateo"
            ]
        },
        {
            "keyword": "bad bunny",
            "synonyms": [
                "bad bunny"
            ]
        },
        {
            "keyword": "batman",
            "synonyms": [
                "batman"
            ]
        },
        {
            "keyword": "c tangana",
            "synonyms": [
                "c tangana"
            ]
        },
        {
            "keyword": "camilo",
            "synonyms": [
                "camilo"
            ]
        },
        {
            "keyword": "fonsi",
            "synonyms": [
                "fonsi"
            ]
        },
        {
            "keyword": "gibalbin",
            "synonyms": [
                "gibalbin"
            ]
        },
        {
            "keyword": "il divo",
            "synonyms": [
                "il divo"
            ]
        },
        {
            "keyword": "imagine dragons",
            "synonyms": [
                "imagine dragons"
            ]
        },
        {
            "keyword": "j balvin",
            "synonyms": [
                "j balvin"
            ]
        },
        {
            "keyword": "jaden",
            "synonyms": [
                "jaden"
            ]
        },
        {
            "keyword": "jason derulo",
            "synonyms": [
                "jason derulo"
            ]
        },
        {
            "keyword": "jay balvin",
            "synonyms": [
                "jay balvin"
            ]
        },
        {
            "keyword": "jonas brothers",
            "synonyms": [
                "jonas brothers"
            ]
        },
        {
            "keyword": "justin bieber",
            "synonyms": [
                "justin bieber"
            ]
        },
        {
            "keyword": "karol g",
            "synonyms": [
                "karol g"
            ]
        },
        {
            "keyword": "khalid",
            "synonyms": [
                "khalid"
            ]
        },
        {
            "keyword": "khea",
            "synonyms": [
                "khea"
            ]
        },
        {
            "keyword": "luis fonsi",
            "synonyms": [
                "luis fonsi"
            ]
        },
        {
            "keyword": "maluma",
            "synonyms": [
                "maluma"
            ]
        },
        {
            "keyword": "one republic",
            "synonyms": [
                "one republic"
            ]
        },
        {
            "keyword": "pablo alboran",
            "synonyms": [
                "pablo alboran"
            ]
        },
        {
            "keyword": "post malone",
            "synonyms": [
                "post malone"
            ]
        },
        {
            "keyword": "prince royce?",
            "synonyms": [
                "prince royce?"
            ]
        },
        {
            "keyword": "rauw alejandro",
            "synonyms": [
                "rauw alejandro",
                "raw alejandro"
            ]
        },
        {
            "keyword": "robbie williams",
            "synonyms": [
                "robbie williams"
            ]
        },
        {
            "keyword": "sfera ebbasta",
            "synonyms": [
                "sfera ebbasta"
            ]
        },
        {
            "keyword": "the script",
            "synonyms": [
                "the script"
            ]
        },
        {
            "keyword": "the weekend",
            "synonyms": [
                "the weekend"
            ]
        },
        {
            "keyword": "tiny",
            "synonyms": [
                "tiny"
            ]
        },
        {
            "keyword": "zverev",
            "synonyms": [
                "zverev"
            ]
        },
        {
            "keyword": "zverev hasta",
            "synonyms": [
                "zverev hasta"
            ]
        }
    ]
}
