{
    "name": "song",
    "roles": [
        "song"
    ],
    "lookups": [
        "free-text",
        "keywords"
    ],
    "keywords": [
        {
            "keyword": "a un passo dalla luna",
            "synonyms": [
                "a un passo dalla luna"
            ]
        },
        {
            "keyword": "agua",
            "synonyms": [
                "agua"
            ]
        },
        {
            "keyword": "algo",
            "synonyms": [
                "algo"
            ]
        },
        {
            "keyword": "angels",
            "synonyms": [
                "angels"
            ]
        },
        {
            "keyword": "ayer me llamo mi ex",
            "synonyms": [
                "ayer me llamo mi ex"
            ]
        },
        {
            "keyword": "battle scars",
            "synonyms": [
                "battle scars"
            ]
        },
        {
            "keyword": "bebe",
            "synonyms": [
                "bebe"
            ]
        },
        {
            "keyword": "better",
            "synonyms": [
                "better"
            ]
        },
        {
            "keyword": "bichota",
            "synonyms": [
                "bichota"
            ]
        },
        {
            "keyword": "blinding light",
            "synonyms": [
                "blinding light"
            ]
        },
        {
            "keyword": "cabin fever",
            "synonyms": [
                "cabin fever"
            ]
        },
        {
            "keyword": "colocao",
            "synonyms": [
                "colocao"
            ]
        },
        {
            "keyword": "come around me",
            "synonyms": [
                "come around me"
            ]
        },
        {
            "keyword": "cool",
            "synonyms": [
                "cool"
            ]
        },
        {
            "keyword": "counting stars",
            "synonyms": [
                "counting stars"
            ]
        },
        {
            "keyword": "creeme",
            "synonyms": [
                "creeme"
            ]
        },
        {
            "keyword": "da kitty",
            "synonyms": [
                "da kitty"
            ]
        },
        {
            "keyword": "de aqu\u00ed",
            "synonyms": [
                "de aqu\u00ed"
            ]
        },
        {
            "keyword": "dificil olvidar",
            "synonyms": [
                "dificil olvidar"
            ]
        },
        {
            "keyword": "dime cuantas veces",
            "synonyms": [
                "dime cuantas veces"
            ]
        },
        {
            "keyword": "don't start now",
            "synonyms": [
                "don't start now"
            ]
        },
        {
            "keyword": "e",
            "synonyms": [
                "e"
            ]
        },
        {
            "keyword": "fantasias",
            "synonyms": [
                "fantasias"
            ]
        },
        {
            "keyword": "favorito",
            "synonyms": [
                "favorito"
            ]
        },
        {
            "keyword": "five more minutes",
            "synonyms": [
                "five more minutes"
            ]
        },
        {
            "keyword": "geovanny free",
            "synonyms": [
                "geovanny free"
            ]
        },
        {
            "keyword": "geovanny red",
            "synonyms": [
                "geovanny re",
                "geovanny red"
            ]
        },
        {
            "keyword": "gio",
            "synonyms": [
                "gio"
            ]
        },
        {
            "keyword": "giovani",
            "synonyms": [
                "giovani"
            ]
        },
        {
            "keyword": "giovanni",
            "synonyms": [
                "giovanni"
            ]
        },
        {
            "keyword": "giovanni ir\u00e9",
            "synonyms": [
                "giovanni ir\u00e9"
            ]
        },
        {
            "keyword": "giovanni r",
            "synonyms": [
                "giovanni r"
            ]
        },
        {
            "keyword": "giovanni rec",
            "synonyms": [
                "giovanni rec"
            ]
        },
        {
            "keyword": "giovanni red",
            "synonyms": [
                "giovanni red"
            ]
        },
        {
            "keyword": "giovanni rey",
            "synonyms": [
                "giovanni re",
                "giovanni rey"
            ]
        },
        {
            "keyword": "good in bed",
            "synonyms": [
                "good in bed"
            ]
        },
        {
            "keyword": "goteras",
            "synonyms": [
                "goteras"
            ]
        },
        {
            "keyword": "gratis",
            "synonyms": [
                "gratis"
            ]
        },
        {
            "keyword": "hall of fame",
            "synonyms": [
                "hall of fame"
            ]
        },
        {
            "keyword": "hawaii",
            "synonyms": [
                "hawaii"
            ]
        },
        {
            "keyword": "he",
            "synonyms": [
                "he"
            ]
        },
        {
            "keyword": "ignorantes",
            "synonyms": [
                "ignorantes"
            ]
        },
        {
            "keyword": "imagine",
            "synonyms": [
                "imagine"
            ]
        },
        {
            "keyword": "kitty",
            "synonyms": [
                "kitty"
            ]
        },
        {
            "keyword": "la discusion",
            "synonyms": [
                "la discusion"
            ]
        },
        {
            "keyword": "le",
            "synonyms": [
                "le"
            ]
        },
        {
            "keyword": "luthea kitty",
            "synonyms": [
                "luthea kitty"
            ]
        },
        {
            "keyword": "ni te imaginas",
            "synonyms": [
                "ni te imaginas"
            ]
        },
        {
            "keyword": "no fue",
            "synonyms": [
                "no fue"
            ]
        },
        {
            "keyword": "no te debi besar",
            "synonyms": [
                "no te debi besar"
            ]
        },
        {
            "keyword": "portarse mal",
            "synonyms": [
                "portarse mal"
            ]
        },
        {
            "keyword": "red",
            "synonyms": [
                "red"
            ]
        },
        {
            "keyword": "regresa a m\u00ed",
            "synonyms": [
                "regresa a m\u00ed"
            ]
        },
        {
            "keyword": "relacion",
            "synonyms": [
                "relacion"
            ]
        },
        {
            "keyword": "ride it",
            "synonyms": [
                "ride it"
            ]
        },
        {
            "keyword": "ridin solo",
            "synonyms": [
                "ridin solo"
            ]
        },
        {
            "keyword": "saturno",
            "synonyms": [
                "saturno"
            ]
        },
        {
            "keyword": "si te vas",
            "synonyms": [
                "si te vas"
            ]
        },
        {
            "keyword": "sola",
            "synonyms": [
                "sola"
            ]
        },
        {
            "keyword": "tusa",
            "synonyms": [
                "tusa"
            ]
        },
        {
            "keyword": "wow",
            "synonyms": [
                "wow"
            ]
        }
    ]
}
