{
    "utterances": [
        {
            "text": "alza la voz",
            "entities": [],
            "traits": [],
            "intent": "spotify_turn_up_volume"
        },
        {
            "text": "apenas escucho la m\u00fasica",
            "entities": [],
            "traits": [],
            "intent": "spotify_turn_up_volume"
        },
        {
            "text": "apenas se oye la musica",
            "entities": [],
            "traits": [],
            "intent": "spotify_turn_up_volume"
        },
        {
            "text": "baja el sonido de la musica",
            "entities": [],
            "traits": [],
            "intent": "spotify_turn_down_volume"
        },
        {
            "text": "baja el volumen",
            "entities": [],
            "traits": [],
            "intent": "spotify_turn_down_volume"
        },
        {
            "text": "baja el volumen +",
            "entities": [],
            "traits": [],
            "intent": "spotify_turn_down_volume"
        },
        {
            "text": "baja el volumen a tope",
            "entities": [],
            "traits": [],
            "intent": "spotify_turn_down_volume"
        },
        {
            "text": "baja el volumen de la musica",
            "entities": [],
            "traits": [],
            "intent": "spotify_turn_down_volume"
        },
        {
            "text": "baja el volumen que est\u00e1 muy alto",
            "entities": [],
            "traits": [],
            "intent": "spotify_turn_down_volume"
        },
        {
            "text": "baja el volumen un poco",
            "entities": [],
            "traits": [],
            "intent": "spotify_turn_down_volume"
        },
        {
            "text": "baja la voz",
            "entities": [],
            "traits": [],
            "intent": "spotify_turn_down_volume"
        },
        {
            "text": "baja un poco el volumen",
            "entities": [],
            "traits": [],
            "intent": "spotify_turn_down_volume"
        },
        {
            "text": "baja un poquito el volumen",
            "entities": [],
            "traits": [],
            "intent": "spotify_turn_down_volume"
        },
        {
            "text": "bajar un poquito el volumen",
            "entities": [],
            "traits": [],
            "intent": "spotify_turn_down_volume"
        },
        {
            "text": "b\u00e1jalo un poco",
            "entities": [],
            "traits": [],
            "intent": "spotify_turn_down_volume"
        },
        {
            "text": "cambia a la cancion a un passo dalla luna",
            "entities": [
                {
                    "entity": "song:song",
                    "start": 20,
                    "end": 41,
                    "body": "a un passo dalla luna",
                    "entities": []
                }
            ],
            "traits": [],
            "intent": "spotify_play_song"
        },
        {
            "text": "cambia a la cancion ayer me llamo mi ex de khea",
            "entities": [
                {
                    "entity": "song:song",
                    "start": 20,
                    "end": 39,
                    "body": "ayer me llamo mi ex",
                    "entities": []
                },
                {
                    "entity": "singer:singer",
                    "start": 43,
                    "end": 47,
                    "body": "khea",
                    "entities": []
                }
            ],
            "traits": [],
            "intent": "spotify_play_song"
        },
        {
            "text": "cambia a la cancion bichota de karol g",
            "entities": [
                {
                    "entity": "song:song",
                    "start": 20,
                    "end": 27,
                    "body": "bichota",
                    "entities": []
                },
                {
                    "entity": "singer:singer",
                    "start": 31,
                    "end": 38,
                    "body": "karol g",
                    "entities": []
                }
            ],
            "traits": [],
            "intent": "spotify_play_song"
        },
        {
            "text": "cambia a la siguiente cancion",
            "entities": [],
            "traits": [],
            "intent": "spotify_next_track"
        },
        {
            "text": "cambia de canci\u00f3n",
            "entities": [],
            "traits": [],
            "intent": "spotify_next_track"
        },
        {
            "text": "cambia la siguiente canci\u00f3n",
            "entities": [],
            "traits": [],
            "intent": "spotify_next_track"
        },
        {
            "text": "cancion anterior",
            "entities": [],
            "traits": [],
            "intent": "spotify_previous_track"
        },
        {
            "text": "cancion hall of fame de the script",
            "entities": [
                {
                    "entity": "song:song",
                    "start": 8,
                    "end": 20,
                    "body": "hall of fame",
                    "entities": []
                },
                {
                    "entity": "singer:singer",
                    "start": 24,
                    "end": 34,
                    "body": "the script",
                    "entities": []
                }
            ],
            "traits": [],
            "intent": "spotify_play_song"
        },
        {
            "text": "canci\u00f3n agua de gibalbin",
            "entities": [
                {
                    "entity": "song:song",
                    "start": 8,
                    "end": 12,
                    "body": "agua",
                    "entities": []
                },
                {
                    "entity": "singer:singer",
                    "start": 16,
                    "end": 24,
                    "body": "gibalbin",
                    "entities": []
                }
            ],
            "traits": [],
            "intent": "spotify_play_song"
        },
        {
            "text": "canci\u00f3n anterior",
            "entities": [],
            "traits": [],
            "intent": "spotify_previous_track"
        },
        {
            "text": "canci\u00f3n anterior otra vez",
            "entities": [],
            "traits": [],
            "intent": "spotify_previous_track"
        },
        {
            "text": "canci\u00f3n no fue de rauw alejandro en spotify",
            "entities": [
                {
                    "entity": "song:song",
                    "start": 8,
                    "end": 14,
                    "body": "no fue",
                    "entities": []
                },
                {
                    "entity": "singer:singer",
                    "start": 18,
                    "end": 32,
                    "body": "rauw alejandro",
                    "entities": []
                }
            ],
            "traits": [],
            "intent": "spotify_play_song"
        },
        {
            "text": "de macadamia y luego me vas a poner m\u00fasica",
            "entities": [],
            "traits": [],
            "intent": "spotify_start"
        },
        {
            "text": "dice la canci\u00f3n agua de tiny en spotify",
            "entities": [
                {
                    "entity": "song:song",
                    "start": 16,
                    "end": 20,
                    "body": "agua",
                    "entities": []
                },
                {
                    "entity": "singer:singer",
                    "start": 24,
                    "end": 28,
                    "body": "tiny",
                    "entities": []
                }
            ],
            "traits": [],
            "intent": "spotify_play_song"
        },
        {
            "text": "dulce better de cali",
            "entities": [],
            "traits": []
        },
        {
            "text": "el volumen",
            "entities": [],
            "traits": [],
            "intent": "spotify_turn_down_volume"
        },
        {
            "text": "el volumen esta muy alto",
            "entities": [],
            "traits": [],
            "intent": "spotify_turn_down_volume"
        },
        {
            "text": "el volumen est\u00e1 muy alto",
            "entities": [],
            "traits": [],
            "intent": "spotify_turn_down_volume"
        },
        {
            "text": "el volumen mucho m\u00e1s",
            "entities": [],
            "traits": [],
            "intent": "spotify_turn_up_volume"
        },
        {
            "text": "en spotify en la canci\u00f3n no fue de rauw alejandro",
            "entities": [
                {
                    "entity": "song:song",
                    "start": 25,
                    "end": 31,
                    "body": "no fue",
                    "entities": []
                },
                {
                    "entity": "singer:singer",
                    "start": 35,
                    "end": 49,
                    "body": "rauw alejandro",
                    "entities": []
                }
            ],
            "traits": [],
            "intent": "spotify_play_song"
        },
        {
            "text": "en spotify la canci\u00f3n red de sfera ebbasta",
            "entities": [
                {
                    "entity": "song:song",
                    "start": 22,
                    "end": 25,
                    "body": "red",
                    "entities": []
                },
                {
                    "entity": "singer:singer",
                    "start": 29,
                    "end": 42,
                    "body": "sfera ebbasta",
                    "entities": []
                }
            ],
            "traits": [],
            "intent": "spotify_play_song"
        },
        {
            "text": "esta muy alto el sonido",
            "entities": [],
            "traits": [],
            "intent": "spotify_turn_down_volume"
        },
        {
            "text": "est\u00e1 muy alto el volumen",
            "entities": [],
            "traits": [],
            "intent": "spotify_turn_down_volume"
        },
        {
            "text": "favor hazme los deberes de matem\u00e1ticas y ponme un poquito de m\u00fasica para alegrar un poco a la noche a la gente",
            "entities": [],
            "traits": []
        },
        {
            "text": "gente canci\u00f3n",
            "entities": [],
            "traits": []
        },
        {
            "text": "hay mucho volumen",
            "entities": [],
            "traits": [],
            "intent": "spotify_turn_down_volume"
        },
        {
            "text": "hay poco volumen",
            "entities": [],
            "traits": [],
            "intent": "spotify_turn_up_volume"
        },
        {
            "text": "haz el favor de bajar el volumen",
            "entities": [],
            "traits": [],
            "intent": "spotify_turn_down_volume"
        },
        {
            "text": "haz el favor de poner musica",
            "entities": [],
            "traits": [],
            "intent": "spotify_start"
        },
        {
            "text": "haz el favor de poner m\u00e1s volumen",
            "entities": [],
            "traits": [],
            "intent": "spotify_turn_up_volume"
        },
        {
            "text": "haz lo que t\u00fa sabes, y ponme creeme de maluma",
            "entities": [
                {
                    "entity": "song:song",
                    "start": 29,
                    "end": 35,
                    "body": "creeme",
                    "entities": []
                },
                {
                    "entity": "singer:singer",
                    "start": 39,
                    "end": 45,
                    "body": "maluma",
                    "entities": []
                }
            ],
            "traits": [],
            "intent": "spotify_play_song"
        },
        {
            "text": "huawei de maluma",
            "entities": [],
            "traits": []
        },
        {
            "text": "inicia sesi\u00f3n en spotify",
            "entities": [],
            "traits": [],
            "intent": "spotify_start"
        },
        {
            "text": "la canci\u00f3n anterior",
            "entities": [],
            "traits": [],
            "intent": "spotify_previous_track"
        },
        {
            "text": "la canci\u00f3n blinding light de the weekend",
            "entities": [
                {
                    "entity": "singer:singer",
                    "start": 29,
                    "end": 40,
                    "body": "the weekend",
                    "entities": []
                },
                {
                    "entity": "song:song",
                    "start": 11,
                    "end": 25,
                    "body": "blinding light",
                    "entities": []
                }
            ],
            "traits": [],
            "intent": "spotify_play_song"
        },
        {
            "text": "la canci\u00f3n giovani de sfera ebbasta",
            "entities": [
                {
                    "entity": "song:song",
                    "start": 11,
                    "end": 18,
                    "body": "giovani",
                    "entities": []
                },
                {
                    "entity": "singer:singer",
                    "start": 22,
                    "end": 35,
                    "body": "sfera ebbasta",
                    "entities": []
                }
            ],
            "traits": [],
            "intent": "spotify_play_song"
        },
        {
            "text": "la musica esta muy baja",
            "entities": [],
            "traits": [],
            "intent": "spotify_turn_up_volume"
        },
        {
            "text": "la musica se escucha mucho",
            "entities": [],
            "traits": [],
            "intent": "spotify_turn_down_volume"
        },
        {
            "text": "la musica se escucha poco",
            "entities": [],
            "traits": [],
            "intent": "spotify_turn_up_volume"
        },
        {
            "text": "la siguiente canci\u00f3n",
            "entities": [],
            "traits": [],
            "intent": "spotify_next_track"
        },
        {
            "text": "me aburro un poco, puedes ponerme la cancion imagine de imagine dragons?",
            "entities": [
                {
                    "entity": "song:song",
                    "start": 45,
                    "end": 52,
                    "body": "imagine",
                    "entities": []
                },
                {
                    "entity": "singer:singer",
                    "start": 56,
                    "end": 71,
                    "body": "imagine dragons",
                    "entities": []
                }
            ],
            "traits": [],
            "intent": "spotify_play_song"
        },
        {
            "text": "me apetece escuchar a luis fonsi, concretamente la cancion sola",
            "entities": [
                {
                    "entity": "song:song",
                    "start": 59,
                    "end": 63,
                    "body": "sola",
                    "entities": []
                },
                {
                    "entity": "singer:singer",
                    "start": 22,
                    "end": 32,
                    "body": "luis fonsi",
                    "entities": []
                }
            ],
            "traits": [],
            "intent": "spotify_play_song"
        },
        {
            "text": "me apetece escuchar post malone, que tal si pones wow?",
            "entities": [
                {
                    "entity": "singer:singer",
                    "start": 20,
                    "end": 31,
                    "body": "post malone",
                    "entities": []
                },
                {
                    "entity": "song:song",
                    "start": 50,
                    "end": 53,
                    "body": "wow",
                    "entities": []
                }
            ],
            "traits": [],
            "intent": "spotify_play_song"
        },
        {
            "text": "me apetece que suene sola de fonsi",
            "entities": [
                {
                    "entity": "song:song",
                    "start": 21,
                    "end": 25,
                    "body": "sola",
                    "entities": []
                },
                {
                    "entity": "singer:singer",
                    "start": 29,
                    "end": 34,
                    "body": "fonsi",
                    "entities": []
                }
            ],
            "traits": [],
            "intent": "spotify_play_song"
        },
        {
            "text": "me puedes poner algo de bad bunny?",
            "entities": [
                {
                    "entity": "song:song",
                    "start": 16,
                    "end": 20,
                    "body": "algo",
                    "entities": []
                },
                {
                    "entity": "singer:singer",
                    "start": 24,
                    "end": 33,
                    "body": "bad bunny",
                    "entities": []
                }
            ],
            "traits": [],
            "intent": "spotify_play_song"
        },
        {
            "text": "m\u00fasica please",
            "entities": [],
            "traits": [],
            "intent": "spotify_start"
        },
        {
            "text": "no oigo la musica",
            "entities": [],
            "traits": [],
            "intent": "spotify_turn_up_volume"
        },
        {
            "text": "no se escucha nada",
            "entities": [],
            "traits": [],
            "intent": "spotify_turn_up_volume"
        },
        {
            "text": "ostras que rollo",
            "entities": [],
            "traits": []
        },
        {
            "text": "pasa a la siguiente canci\u00f3n",
            "entities": [],
            "traits": [],
            "intent": "spotify_next_track"
        },
        {
            "text": "pasa de cancion",
            "entities": [],
            "traits": [],
            "intent": "spotify_next_track"
        },
        {
            "text": "pasa de canci\u00f3n",
            "entities": [],
            "traits": [],
            "intent": "spotify_next_track"
        },
        {
            "text": "pon battle scars por favor",
            "entities": [
                {
                    "entity": "song:song",
                    "start": 4,
                    "end": 16,
                    "body": "battle scars",
                    "entities": []
                }
            ],
            "traits": [],
            "intent": "spotify_play_song"
        },
        {
            "text": "pon better de khalid",
            "entities": [
                {
                    "entity": "singer:singer",
                    "start": 14,
                    "end": 20,
                    "body": "khalid",
                    "entities": []
                },
                {
                    "entity": "song:song",
                    "start": 4,
                    "end": 10,
                    "body": "better",
                    "entities": []
                }
            ],
            "traits": [],
            "intent": "spotify_play_song"
        },
        {
            "text": "pon cabin fever de jaden",
            "entities": [
                {
                    "entity": "singer:singer",
                    "start": 19,
                    "end": 24,
                    "body": "jaden",
                    "entities": []
                },
                {
                    "entity": "song:song",
                    "start": 4,
                    "end": 15,
                    "body": "cabin fever",
                    "entities": []
                }
            ],
            "traits": [],
            "intent": "spotify_play_song"
        },
        {
            "text": "pon colocao en spotify",
            "entities": [
                {
                    "entity": "song:song",
                    "start": 4,
                    "end": 11,
                    "body": "colocao",
                    "entities": []
                }
            ],
            "traits": [],
            "intent": "spotify_play_song"
        },
        {
            "text": "pon don't start now en spotify",
            "entities": [
                {
                    "entity": "song:song",
                    "start": 4,
                    "end": 19,
                    "body": "don't start now",
                    "entities": []
                }
            ],
            "traits": [],
            "intent": "spotify_play_song"
        },
        {
            "text": "pon gio de zverev",
            "entities": [
                {
                    "entity": "singer:singer",
                    "start": 11,
                    "end": 17,
                    "body": "zverev",
                    "entities": []
                },
                {
                    "entity": "song:song",
                    "start": 4,
                    "end": 7,
                    "body": "gio",
                    "entities": []
                }
            ],
            "traits": [],
            "intent": "spotify_play_song"
        },
        {
            "text": "pon hawaii de maluma",
            "entities": [
                {
                    "entity": "singer:singer",
                    "start": 14,
                    "end": 20,
                    "body": "maluma",
                    "entities": []
                },
                {
                    "entity": "song:song",
                    "start": 4,
                    "end": 10,
                    "body": "hawaii",
                    "entities": []
                }
            ],
            "traits": [],
            "intent": "spotify_play_song"
        },
        {
            "text": "pon la cancion anterior",
            "entities": [],
            "traits": [],
            "intent": "spotify_previous_track"
        },
        {
            "text": "pon la cancion de c tangana que se llama no te debi besar",
            "entities": [
                {
                    "entity": "singer:singer",
                    "start": 18,
                    "end": 27,
                    "body": "c tangana",
                    "entities": []
                },
                {
                    "entity": "song:song",
                    "start": 41,
                    "end": 57,
                    "body": "no te debi besar",
                    "entities": []
                }
            ],
            "traits": [],
            "intent": "spotify_play_song"
        },
        {
            "text": "pon la cancion de rauw alejandro llamada no fue",
            "entities": [
                {
                    "entity": "singer:singer",
                    "start": 18,
                    "end": 32,
                    "body": "rauw alejandro",
                    "entities": []
                },
                {
                    "entity": "song:song",
                    "start": 41,
                    "end": 47,
                    "body": "no fue",
                    "entities": []
                }
            ],
            "traits": [],
            "intent": "spotify_play_song"
        },
        {
            "text": "pon la cancion dificil olvidar",
            "entities": [
                {
                    "entity": "song:song",
                    "start": 15,
                    "end": 30,
                    "body": "dificil olvidar",
                    "entities": []
                }
            ],
            "traits": [],
            "intent": "spotify_play_song"
        },
        {
            "text": "pon la cancion five more minutes",
            "entities": [
                {
                    "entity": "song:song",
                    "start": 15,
                    "end": 32,
                    "body": "five more minutes",
                    "entities": []
                }
            ],
            "traits": [],
            "intent": "spotify_play_song"
        },
        {
            "text": "pon la cancion he de sfera ebbasta",
            "entities": [
                {
                    "entity": "song:song",
                    "start": 15,
                    "end": 17,
                    "body": "he",
                    "entities": []
                },
                {
                    "entity": "singer:singer",
                    "start": 21,
                    "end": 34,
                    "body": "sfera ebbasta",
                    "entities": []
                }
            ],
            "traits": [],
            "intent": "spotify_play_song"
        },
        {
            "text": "pon la cancion le de zverev hasta",
            "entities": [
                {
                    "entity": "song:song",
                    "start": 15,
                    "end": 17,
                    "body": "le",
                    "entities": []
                },
                {
                    "entity": "singer:singer",
                    "start": 21,
                    "end": 33,
                    "body": "zverev hasta",
                    "entities": []
                }
            ],
            "traits": [],
            "intent": "spotify_play_song"
        },
        {
            "text": "pon la cancion portarse mal",
            "entities": [
                {
                    "entity": "song:song",
                    "start": 15,
                    "end": 27,
                    "body": "portarse mal",
                    "entities": []
                }
            ],
            "traits": [],
            "intent": "spotify_play_song"
        },
        {
            "text": "pon la cancion que quieras en spotify",
            "entities": [],
            "traits": [],
            "intent": "spotify_start"
        },
        {
            "text": "pon la canci\u00f3n angels de robbie williams",
            "entities": [
                {
                    "entity": "singer:singer",
                    "start": 25,
                    "end": 40,
                    "body": "robbie williams",
                    "entities": []
                },
                {
                    "entity": "song:song",
                    "start": 15,
                    "end": 21,
                    "body": "angels",
                    "entities": []
                }
            ],
            "traits": [],
            "intent": "spotify_play_song"
        },
        {
            "text": "pon la canci\u00f3n anterior",
            "entities": [],
            "traits": [],
            "intent": "spotify_previous_track"
        },
        {
            "text": "pon la canci\u00f3n anterior otra vez un momento",
            "entities": [],
            "traits": [],
            "intent": "spotify_previous_track"
        },
        {
            "text": "pon la canci\u00f3n anterior por favor",
            "entities": [],
            "traits": [],
            "intent": "spotify_previous_track"
        },
        {
            "text": "pon la canci\u00f3n come around me de justin bieber",
            "entities": [
                {
                    "entity": "song:song",
                    "start": 15,
                    "end": 29,
                    "body": "come around me",
                    "entities": []
                },
                {
                    "entity": "singer:singer",
                    "start": 33,
                    "end": 46,
                    "body": "justin bieber",
                    "entities": []
                }
            ],
            "traits": [],
            "intent": "spotify_play_song"
        },
        {
            "text": "pon la canci\u00f3n no fue de rauw alejandro",
            "entities": [
                {
                    "entity": "song:song",
                    "start": 15,
                    "end": 21,
                    "body": "no fue",
                    "entities": []
                },
                {
                    "entity": "singer:singer",
                    "start": 25,
                    "end": 39,
                    "body": "rauw alejandro",
                    "entities": []
                }
            ],
            "traits": [],
            "intent": "spotify_play_song"
        },
        {
            "text": "pon la canci\u00f3n no fue de rauw alejandro en spotify",
            "entities": [
                {
                    "entity": "song:song",
                    "start": 15,
                    "end": 21,
                    "body": "no fue",
                    "entities": []
                },
                {
                    "entity": "singer:singer",
                    "start": 25,
                    "end": 39,
                    "body": "rauw alejandro",
                    "entities": []
                }
            ],
            "traits": [],
            "intent": "spotify_play_song"
        },
        {
            "text": "pon la canci\u00f3n red de sfera ebbasta",
            "entities": [
                {
                    "entity": "song:song",
                    "start": 15,
                    "end": 18,
                    "body": "red",
                    "entities": []
                },
                {
                    "entity": "singer:singer",
                    "start": 22,
                    "end": 35,
                    "body": "sfera ebbasta",
                    "entities": []
                }
            ],
            "traits": [],
            "intent": "spotify_play_song"
        },
        {
            "text": "pon la musica mas bajita",
            "entities": [],
            "traits": [],
            "intent": "spotify_turn_down_volume"
        },
        {
            "text": "pon la siguiente cancion",
            "entities": [],
            "traits": [],
            "intent": "spotify_next_track"
        },
        {
            "text": "pon la siguiente canci\u00f3n",
            "entities": [],
            "traits": [],
            "intent": "spotify_next_track"
        },
        {
            "text": "pon la tusa en spotify",
            "entities": [
                {
                    "entity": "song:song",
                    "start": 7,
                    "end": 11,
                    "body": "tusa",
                    "entities": []
                }
            ],
            "traits": [],
            "intent": "spotify_play_song"
        },
        {
            "text": "pon musica",
            "entities": [],
            "traits": [],
            "intent": "spotify_start"
        },
        {
            "text": "pon m\u00fasica",
            "entities": [],
            "traits": [],
            "intent": "spotify_start"
        },
        {
            "text": "pon m\u00fasica en spotify",
            "entities": [],
            "traits": [],
            "intent": "spotify_start"
        },
        {
            "text": "pon m\u00fasica por favor",
            "entities": [],
            "traits": [],
            "intent": "spotify_start"
        },
        {
            "text": "pon ni te imaginas de abraham mateo",
            "entities": [
                {
                    "entity": "song:song",
                    "start": 4,
                    "end": 18,
                    "body": "ni te imaginas",
                    "entities": []
                },
                {
                    "entity": "singer:singer",
                    "start": 22,
                    "end": 35,
                    "body": "abraham mateo",
                    "entities": []
                }
            ],
            "traits": [],
            "intent": "spotify_play_song"
        },
        {
            "text": "pon no te debi besar de c tangana",
            "entities": [
                {
                    "entity": "song:song",
                    "start": 4,
                    "end": 20,
                    "body": "no te debi besar",
                    "entities": []
                },
                {
                    "entity": "singer:singer",
                    "start": 24,
                    "end": 33,
                    "body": "c tangana",
                    "entities": []
                }
            ],
            "traits": [],
            "intent": "spotify_play_song"
        },
        {
            "text": "pon regresa a m\u00ed de il divo",
            "entities": [
                {
                    "entity": "singer:singer",
                    "start": 20,
                    "end": 27,
                    "body": "il divo",
                    "entities": []
                },
                {
                    "entity": "song:song",
                    "start": 4,
                    "end": 16,
                    "body": "regresa a m\u00ed",
                    "entities": []
                }
            ],
            "traits": [],
            "intent": "spotify_play_song"
        },
        {
            "text": "ponme bebe de camilo",
            "entities": [
                {
                    "entity": "song:song",
                    "start": 6,
                    "end": 10,
                    "body": "bebe",
                    "entities": []
                },
                {
                    "entity": "singer:singer",
                    "start": 14,
                    "end": 20,
                    "body": "camilo",
                    "entities": []
                }
            ],
            "traits": [],
            "intent": "spotify_play_song"
        },
        {
            "text": "ponme de nuevo la cancion anterior",
            "entities": [],
            "traits": [],
            "intent": "spotify_previous_track"
        },
        {
            "text": "ponme en spotify la discusion",
            "entities": [
                {
                    "entity": "song:song",
                    "start": 17,
                    "end": 29,
                    "body": "la discusion",
                    "entities": []
                }
            ],
            "traits": [],
            "intent": "spotify_play_song"
        },
        {
            "text": "ponme en spotify no fue de rauw alejandro",
            "entities": [
                {
                    "entity": "song:song",
                    "start": 17,
                    "end": 23,
                    "body": "no fue",
                    "entities": []
                },
                {
                    "entity": "singer:singer",
                    "start": 27,
                    "end": 41,
                    "body": "rauw alejandro",
                    "entities": []
                }
            ],
            "traits": [],
            "intent": "spotify_play_song"
        },
        {
            "text": "ponme musica en spotify",
            "entities": [],
            "traits": [],
            "intent": "spotify_start"
        },
        {
            "text": "ponme musiquita por favor",
            "entities": [],
            "traits": [],
            "intent": "spotify_start"
        },
        {
            "text": "ponme m\u00fasica",
            "entities": [],
            "traits": [],
            "intent": "spotify_start"
        },
        {
            "text": "ponme relacion en spotify",
            "entities": [
                {
                    "entity": "song:song",
                    "start": 6,
                    "end": 14,
                    "body": "relacion",
                    "entities": []
                }
            ],
            "traits": [],
            "intent": "spotify_play_song"
        },
        {
            "text": "ponme spotify",
            "entities": [],
            "traits": [],
            "intent": "spotify_start"
        },
        {
            "text": "por favor un poquito",
            "entities": [],
            "traits": []
        },
        {
            "text": "produce da kitty de bad bunny",
            "entities": [
                {
                    "entity": "song:song",
                    "start": 8,
                    "end": 16,
                    "body": "da kitty",
                    "entities": []
                },
                {
                    "entity": "singer:singer",
                    "start": 20,
                    "end": 29,
                    "body": "bad bunny",
                    "entities": []
                }
            ],
            "traits": [],
            "intent": "spotify_next_track"
        },
        {
            "text": "produce en spotify la canci\u00f3n agua de tiny",
            "entities": [
                {
                    "entity": "song:song",
                    "start": 30,
                    "end": 34,
                    "body": "agua",
                    "entities": []
                },
                {
                    "entity": "singer:singer",
                    "start": 38,
                    "end": 42,
                    "body": "tiny",
                    "entities": []
                }
            ],
            "traits": [],
            "intent": "spotify_play_song"
        },
        {
            "text": "produce la canci\u00f3n de aqu\u00ed de bad bunny",
            "entities": [
                {
                    "entity": "singer:singer",
                    "start": 30,
                    "end": 39,
                    "body": "bad bunny",
                    "entities": []
                },
                {
                    "entity": "song:song",
                    "start": 19,
                    "end": 26,
                    "body": "de aqu\u00ed",
                    "entities": []
                }
            ],
            "traits": [],
            "intent": "spotify_play_song"
        },
        {
            "text": "produce la canci\u00f3n que se llama red de sfera ebbasta",
            "entities": [
                {
                    "entity": "singer:singer",
                    "start": 39,
                    "end": 52,
                    "body": "sfera ebbasta",
                    "entities": []
                },
                {
                    "entity": "song:song",
                    "start": 32,
                    "end": 35,
                    "body": "red",
                    "entities": []
                }
            ],
            "traits": [],
            "intent": "spotify_play_song"
        },
        {
            "text": "puedes bajar el volumen",
            "entities": [],
            "traits": [],
            "intent": "spotify_turn_down_volume"
        },
        {
            "text": "puedes bajar el volumen?",
            "entities": [],
            "traits": [],
            "intent": "spotify_turn_down_volume"
        },
        {
            "text": "puedes pasar a la siguiente cancion",
            "entities": [],
            "traits": [],
            "intent": "spotify_next_track"
        },
        {
            "text": "puedes poner dime cuantas veces en spotify?",
            "entities": [
                {
                    "entity": "song:song",
                    "start": 13,
                    "end": 31,
                    "body": "dime cuantas veces",
                    "entities": []
                }
            ],
            "traits": [],
            "intent": "spotify_play_song"
        },
        {
            "text": "puedes poner en spotify si te vas de prince royce?",
            "entities": [
                {
                    "entity": "singer:singer",
                    "start": 37,
                    "end": 50,
                    "body": "prince royce?",
                    "entities": []
                },
                {
                    "entity": "song:song",
                    "start": 24,
                    "end": 33,
                    "body": "si te vas",
                    "entities": []
                }
            ],
            "traits": [],
            "intent": "spotify_start"
        },
        {
            "text": "puedes poner fantasias de raw alejandro",
            "entities": [
                {
                    "entity": "song:song",
                    "start": 13,
                    "end": 22,
                    "body": "fantasias",
                    "entities": []
                },
                {
                    "entity": "singer:singer",
                    "start": 26,
                    "end": 39,
                    "body": "raw alejandro",
                    "entities": []
                }
            ],
            "traits": [],
            "intent": "spotify_play_song"
        },
        {
            "text": "puedes poner la cancion anterior",
            "entities": [],
            "traits": [],
            "intent": "spotify_previous_track"
        },
        {
            "text": "puedes poner musica",
            "entities": [],
            "traits": [],
            "intent": "spotify_start"
        },
        {
            "text": "puedes poner musica?",
            "entities": [],
            "traits": [],
            "intent": "spotify_start"
        },
        {
            "text": "puedes poner m\u00fasica",
            "entities": [],
            "traits": [],
            "intent": "spotify_start"
        },
        {
            "text": "puedes poner ride it?",
            "entities": [
                {
                    "entity": "song:song",
                    "start": 13,
                    "end": 20,
                    "body": "ride it",
                    "entities": []
                }
            ],
            "traits": [],
            "intent": "spotify_play_song"
        },
        {
            "text": "puedes poner saturno de pablo alboran en spotify",
            "entities": [
                {
                    "entity": "song:song",
                    "start": 13,
                    "end": 20,
                    "body": "saturno",
                    "entities": []
                },
                {
                    "entity": "singer:singer",
                    "start": 24,
                    "end": 37,
                    "body": "pablo alboran",
                    "entities": []
                }
            ],
            "traits": [],
            "intent": "spotify_play_song"
        },
        {
            "text": "puedes poner spotify",
            "entities": [],
            "traits": [],
            "intent": "spotify_start"
        },
        {
            "text": "puedes poner un poco de m\u00fasica please",
            "entities": [],
            "traits": [],
            "intent": "spotify_start"
        },
        {
            "text": "puedes ponerme favorito de camilo?",
            "entities": [
                {
                    "entity": "song:song",
                    "start": 15,
                    "end": 23,
                    "body": "favorito",
                    "entities": []
                },
                {
                    "entity": "singer:singer",
                    "start": 27,
                    "end": 33,
                    "body": "camilo",
                    "entities": []
                }
            ],
            "traits": [],
            "intent": "spotify_play_song"
        },
        {
            "text": "puedes ponerme good in bed?",
            "entities": [
                {
                    "entity": "song:song",
                    "start": 15,
                    "end": 26,
                    "body": "good in bed",
                    "entities": []
                }
            ],
            "traits": [],
            "intent": "spotify_play_song"
        },
        {
            "text": "puedes reproducir en spotify ignorantes de bad bunny?",
            "entities": [
                {
                    "entity": "song:song",
                    "start": 29,
                    "end": 39,
                    "body": "ignorantes",
                    "entities": []
                },
                {
                    "entity": "singer:singer",
                    "start": 43,
                    "end": 52,
                    "body": "bad bunny",
                    "entities": []
                }
            ],
            "traits": [],
            "intent": "spotify_play_song"
        },
        {
            "text": "puedes reproducir goteras?",
            "entities": [
                {
                    "entity": "song:song",
                    "start": 18,
                    "end": 25,
                    "body": "goteras",
                    "entities": []
                }
            ],
            "traits": [],
            "intent": "spotify_play_song"
        },
        {
            "text": "puedes reproducir musica",
            "entities": [],
            "traits": [],
            "intent": "spotify_start"
        },
        {
            "text": "puedes subir el volumen",
            "entities": [],
            "traits": [],
            "intent": "spotify_turn_up_volume"
        },
        {
            "text": "puedes subir un poco el volumen",
            "entities": [],
            "traits": [],
            "intent": "spotify_turn_up_volume"
        },
        {
            "text": "quiero mas sonido",
            "entities": [],
            "traits": [],
            "intent": "spotify_turn_up_volume"
        },
        {
            "text": "quiero menos sonido",
            "entities": [],
            "traits": [],
            "intent": "spotify_turn_down_volume"
        },
        {
            "text": "reproduce a kitty de bad bunny",
            "entities": [
                {
                    "entity": "song:song",
                    "start": 12,
                    "end": 17,
                    "body": "kitty",
                    "entities": []
                },
                {
                    "entity": "singer:singer",
                    "start": 21,
                    "end": 30,
                    "body": "bad bunny",
                    "entities": []
                }
            ],
            "traits": [],
            "intent": "spotify_play_song"
        },
        {
            "text": "reproduce cool de jonas brothers",
            "entities": [
                {
                    "entity": "song:song",
                    "start": 10,
                    "end": 14,
                    "body": "cool",
                    "entities": []
                },
                {
                    "entity": "singer:singer",
                    "start": 18,
                    "end": 32,
                    "body": "jonas brothers",
                    "entities": []
                }
            ],
            "traits": [],
            "intent": "spotify_play_song"
        },
        {
            "text": "reproduce counting stars de one republic",
            "entities": [
                {
                    "entity": "song:song",
                    "start": 10,
                    "end": 24,
                    "body": "counting stars",
                    "entities": []
                },
                {
                    "entity": "singer:singer",
                    "start": 28,
                    "end": 40,
                    "body": "one republic",
                    "entities": []
                }
            ],
            "traits": [],
            "intent": "spotify_play_song"
        },
        {
            "text": "reproduce da kitty de bad bunny",
            "entities": [
                {
                    "entity": "song:song",
                    "start": 10,
                    "end": 18,
                    "body": "da kitty",
                    "entities": []
                },
                {
                    "entity": "singer:singer",
                    "start": 22,
                    "end": 31,
                    "body": "bad bunny",
                    "entities": []
                }
            ],
            "traits": [],
            "intent": "spotify_start"
        },
        {
            "text": "reproduce don't start now",
            "entities": [
                {
                    "entity": "song:song",
                    "start": 10,
                    "end": 25,
                    "body": "don't start now",
                    "entities": []
                }
            ],
            "traits": [],
            "intent": "spotify_play_song"
        },
        {
            "text": "reproduce e de sfera ebbasta",
            "entities": [
                {
                    "entity": "singer:singer",
                    "start": 15,
                    "end": 28,
                    "body": "sfera ebbasta",
                    "entities": []
                },
                {
                    "entity": "song:song",
                    "start": 10,
                    "end": 11,
                    "body": "e",
                    "entities": []
                }
            ],
            "traits": [],
            "intent": "spotify_play_song"
        },
        {
            "text": "reproduce en spotify la canci\u00f3n agua de j balvin",
            "entities": [
                {
                    "entity": "song:song",
                    "start": 32,
                    "end": 36,
                    "body": "agua",
                    "entities": []
                },
                {
                    "entity": "singer:singer",
                    "start": 40,
                    "end": 48,
                    "body": "j balvin",
                    "entities": []
                }
            ],
            "traits": [],
            "intent": "spotify_play_song"
        },
        {
            "text": "reproduce en spotify la canci\u00f3n agua de jay balvin",
            "entities": [
                {
                    "entity": "song:song",
                    "start": 32,
                    "end": 36,
                    "body": "agua",
                    "entities": []
                },
                {
                    "entity": "singer:singer",
                    "start": 40,
                    "end": 50,
                    "body": "jay balvin",
                    "entities": []
                }
            ],
            "traits": [],
            "intent": "spotify_play_song"
        },
        {
            "text": "reproduce en spotify la canci\u00f3n red de sfera ebbasta",
            "entities": [
                {
                    "entity": "song:song",
                    "start": 32,
                    "end": 35,
                    "body": "red",
                    "entities": []
                },
                {
                    "entity": "singer:singer",
                    "start": 39,
                    "end": 52,
                    "body": "sfera ebbasta",
                    "entities": []
                }
            ],
            "traits": [],
            "intent": "spotify_play_song"
        },
        {
            "text": "reproduce geovanny free de sfera ebbasta",
            "entities": [
                {
                    "entity": "singer:singer",
                    "start": 27,
                    "end": 40,
                    "body": "sfera ebbasta",
                    "entities": []
                },
                {
                    "entity": "song:song",
                    "start": 10,
                    "end": 23,
                    "body": "geovanny free",
                    "entities": []
                }
            ],
            "traits": [],
            "intent": "spotify_play_song"
        },
        {
            "text": "reproduce geovanny re de sfera ebbasta",
            "entities": [
                {
                    "entity": "song:song",
                    "start": 10,
                    "end": 21,
                    "body": "geovanny re",
                    "entities": []
                },
                {
                    "entity": "singer:singer",
                    "start": 25,
                    "end": 38,
                    "body": "sfera ebbasta",
                    "entities": []
                }
            ],
            "traits": [],
            "intent": "spotify_play_song"
        },
        {
            "text": "reproduce geovanny red de sfera ebbasta",
            "entities": [
                {
                    "entity": "song:song",
                    "start": 10,
                    "end": 22,
                    "body": "geovanny red",
                    "entities": []
                },
                {
                    "entity": "singer:singer",
                    "start": 26,
                    "end": 39,
                    "body": "sfera ebbasta",
                    "entities": []
                }
            ],
            "traits": [],
            "intent": "spotify_play_song"
        },
        {
            "text": "reproduce gio de sfera ebbasta",
            "entities": [
                {
                    "entity": "song:song",
                    "start": 10,
                    "end": 13,
                    "body": "gio",
                    "entities": []
                },
                {
                    "entity": "singer:singer",
                    "start": 17,
                    "end": 30,
                    "body": "sfera ebbasta",
                    "entities": []
                }
            ],
            "traits": [],
            "intent": "spotify_play_song"
        },
        {
            "text": "reproduce giovanni de sfera ebbasta",
            "entities": [
                {
                    "entity": "singer:singer",
                    "start": 22,
                    "end": 35,
                    "body": "sfera ebbasta",
                    "entities": []
                },
                {
                    "entity": "song:song",
                    "start": 10,
                    "end": 18,
                    "body": "giovanni",
                    "entities": []
                }
            ],
            "traits": [],
            "intent": "spotify_play_song"
        },
        {
            "text": "reproduce giovanni ir\u00e9 de sfera ebbasta",
            "entities": [
                {
                    "entity": "singer:singer",
                    "start": 26,
                    "end": 39,
                    "body": "sfera ebbasta",
                    "entities": []
                },
                {
                    "entity": "song:song",
                    "start": 10,
                    "end": 22,
                    "body": "giovanni ir\u00e9",
                    "entities": []
                }
            ],
            "traits": [],
            "intent": "spotify_play_song"
        },
        {
            "text": "reproduce giovanni red de sfera ebbasta",
            "entities": [
                {
                    "entity": "song:song",
                    "start": 10,
                    "end": 22,
                    "body": "giovanni red",
                    "entities": []
                },
                {
                    "entity": "singer:singer",
                    "start": 26,
                    "end": 39,
                    "body": "sfera ebbasta",
                    "entities": []
                }
            ],
            "traits": [],
            "intent": "spotify_play_song"
        },
        {
            "text": "reproduce gratis de batman",
            "entities": [
                {
                    "entity": "singer:singer",
                    "start": 20,
                    "end": 26,
                    "body": "batman",
                    "entities": []
                },
                {
                    "entity": "song:song",
                    "start": 10,
                    "end": 16,
                    "body": "gratis",
                    "entities": []
                }
            ],
            "traits": [],
            "intent": "spotify_play_song"
        },
        {
            "text": "reproduce kitty de bad bunny",
            "entities": [
                {
                    "entity": "singer:singer",
                    "start": 19,
                    "end": 28,
                    "body": "bad bunny",
                    "entities": []
                },
                {
                    "entity": "song:song",
                    "start": 10,
                    "end": 15,
                    "body": "kitty",
                    "entities": []
                }
            ],
            "traits": [],
            "intent": "spotify_start"
        },
        {
            "text": "reproduce la anterior",
            "entities": [],
            "traits": [],
            "intent": "spotify_previous_track"
        },
        {
            "text": "reproduce la cancion de j balvin llamada bebe",
            "entities": [
                {
                    "entity": "singer:singer",
                    "start": 24,
                    "end": 32,
                    "body": "j balvin",
                    "entities": []
                },
                {
                    "entity": "song:song",
                    "start": 41,
                    "end": 45,
                    "body": "bebe",
                    "entities": []
                }
            ],
            "traits": [],
            "intent": "spotify_play_song"
        },
        {
            "text": "reproduce la canci\u00f3n agua de j balvin",
            "entities": [
                {
                    "entity": "song:song",
                    "start": 21,
                    "end": 25,
                    "body": "agua",
                    "entities": []
                },
                {
                    "entity": "singer:singer",
                    "start": 29,
                    "end": 37,
                    "body": "j balvin",
                    "entities": []
                }
            ],
            "traits": [],
            "intent": "spotify_play_song"
        },
        {
            "text": "reproduce la canci\u00f3n agua de tiny",
            "entities": [
                {
                    "entity": "song:song",
                    "start": 21,
                    "end": 25,
                    "body": "agua",
                    "entities": []
                },
                {
                    "entity": "singer:singer",
                    "start": 29,
                    "end": 33,
                    "body": "tiny",
                    "entities": []
                }
            ],
            "traits": [],
            "intent": "spotify_play_song"
        },
        {
            "text": "reproduce la canci\u00f3n de kitty",
            "entities": [
                {
                    "entity": "song:song",
                    "start": 24,
                    "end": 29,
                    "body": "kitty",
                    "entities": []
                }
            ],
            "traits": [],
            "intent": "spotify_play_song"
        },
        {
            "text": "reproduce la canci\u00f3n giovanni r de sfera ebbasta",
            "entities": [
                {
                    "entity": "singer:singer",
                    "start": 35,
                    "end": 48,
                    "body": "sfera ebbasta",
                    "entities": []
                },
                {
                    "entity": "song:song",
                    "start": 21,
                    "end": 31,
                    "body": "giovanni r",
                    "entities": []
                }
            ],
            "traits": [],
            "intent": "spotify_play_song"
        },
        {
            "text": "reproduce la canci\u00f3n giovanni re de sfera ebbasta",
            "entities": [
                {
                    "entity": "song:song",
                    "start": 21,
                    "end": 32,
                    "body": "giovanni re",
                    "entities": []
                },
                {
                    "entity": "singer:singer",
                    "start": 36,
                    "end": 49,
                    "body": "sfera ebbasta",
                    "entities": []
                }
            ],
            "traits": [],
            "intent": "spotify_play_song"
        },
        {
            "text": "reproduce la canci\u00f3n giovanni rec",
            "entities": [
                {
                    "entity": "song:song",
                    "start": 21,
                    "end": 33,
                    "body": "giovanni rec",
                    "entities": []
                }
            ],
            "traits": [],
            "intent": "spotify_play_song"
        },
        {
            "text": "reproduce la canci\u00f3n giovanni red de sfera ebbasta",
            "entities": [
                {
                    "entity": "singer:singer",
                    "start": 37,
                    "end": 50,
                    "body": "sfera ebbasta",
                    "entities": []
                },
                {
                    "entity": "song:song",
                    "start": 21,
                    "end": 33,
                    "body": "giovanni red",
                    "entities": []
                }
            ],
            "traits": [],
            "intent": "spotify_play_song"
        },
        {
            "text": "reproduce la canci\u00f3n giovanni rey de sfera ebbasta",
            "entities": [
                {
                    "entity": "song:song",
                    "start": 21,
                    "end": 33,
                    "body": "giovanni rey",
                    "entities": []
                },
                {
                    "entity": "singer:singer",
                    "start": 37,
                    "end": 50,
                    "body": "sfera ebbasta",
                    "entities": []
                }
            ],
            "traits": [],
            "intent": "spotify_play_song"
        },
        {
            "text": "reproduce la canci\u00f3n que se llama red de sfera ebbasta",
            "entities": [
                {
                    "entity": "singer:singer",
                    "start": 41,
                    "end": 54,
                    "body": "sfera ebbasta",
                    "entities": []
                },
                {
                    "entity": "song:song",
                    "start": 34,
                    "end": 37,
                    "body": "red",
                    "entities": []
                }
            ],
            "traits": [],
            "intent": "spotify_play_song"
        },
        {
            "text": "reproduce la siguiente",
            "entities": [],
            "traits": [],
            "intent": "spotify_next_track"
        },
        {
            "text": "reproduce luthea kitty de bad bunny",
            "entities": [
                {
                    "entity": "song:song",
                    "start": 10,
                    "end": 22,
                    "body": "luthea kitty",
                    "entities": []
                },
                {
                    "entity": "singer:singer",
                    "start": 26,
                    "end": 35,
                    "body": "bad bunny",
                    "entities": []
                }
            ],
            "traits": [],
            "intent": "spotify_play_song"
        },
        {
            "text": "reproduce musica",
            "entities": [],
            "traits": [],
            "intent": "spotify_start"
        },
        {
            "text": "reproduce red de sfera ebbasta",
            "entities": [
                {
                    "entity": "singer:singer",
                    "start": 17,
                    "end": 30,
                    "body": "sfera ebbasta",
                    "entities": []
                },
                {
                    "entity": "song:song",
                    "start": 10,
                    "end": 13,
                    "body": "red",
                    "entities": []
                }
            ],
            "traits": [],
            "intent": "spotify_play_song"
        },
        {
            "text": "reproduce ridin solo de jason derulo en spotify",
            "entities": [
                {
                    "entity": "song:song",
                    "start": 10,
                    "end": 20,
                    "body": "ridin solo",
                    "entities": []
                },
                {
                    "entity": "singer:singer",
                    "start": 24,
                    "end": 36,
                    "body": "jason derulo",
                    "entities": []
                }
            ],
            "traits": [],
            "intent": "spotify_play_song"
        },
        {
            "text": "reproduce spotify",
            "entities": [],
            "traits": [],
            "intent": "spotify_start"
        },
        {
            "text": "se escucha demasiado",
            "entities": [],
            "traits": [],
            "intent": "spotify_turn_down_volume"
        },
        {
            "text": "se escucha muy bajito",
            "entities": [],
            "traits": [],
            "intent": "spotify_turn_up_volume"
        },
        {
            "text": "se oye mucho la musica",
            "entities": [],
            "traits": [],
            "intent": "spotify_turn_down_volume"
        },
        {
            "text": "sesi\u00f3n en spotify",
            "entities": [],
            "traits": [],
            "intent": "spotify_start"
        },
        {
            "text": "siguiente",
            "entities": [],
            "traits": [],
            "intent": "spotify_next_track"
        },
        {
            "text": "siguiente cancion",
            "entities": [],
            "traits": [],
            "intent": "spotify_next_track"
        },
        {
            "text": "siguiente canci\u00f3n",
            "entities": [],
            "traits": [],
            "intent": "spotify_next_track"
        },
        {
            "text": "spotify por favor",
            "entities": [],
            "traits": [],
            "intent": "spotify_start"
        },
        {
            "text": "sube el volumen",
            "entities": [],
            "traits": [],
            "intent": "spotify_turn_up_volume"
        },
        {
            "text": "sube el volumen +",
            "entities": [],
            "traits": [],
            "intent": "spotify_turn_up_volume"
        },
        {
            "text": "sube el volumen mucho m\u00e1s",
            "entities": [],
            "traits": [],
            "intent": "spotify_turn_up_volume"
        },
        {
            "text": "sube el volumen que esta cancion mola",
            "entities": [],
            "traits": [],
            "intent": "spotify_turn_up_volume"
        },
        {
            "text": "sube el volumen que no se escucha",
            "entities": [],
            "traits": [],
            "intent": "spotify_turn_up_volume"
        },
        {
            "text": "sube la m\u00fasica",
            "entities": [],
            "traits": [],
            "intent": "spotify_turn_up_volume"
        },
        {
            "text": "sube m\u00e1s el volumen",
            "entities": [],
            "traits": [],
            "intent": "spotify_turn_up_volume"
        },
        {
            "text": "sube un poco la musica",
            "entities": [],
            "traits": [],
            "intent": "spotify_turn_up_volume"
        },
        {
            "text": "sube un poquito el volumen",
            "entities": [],
            "traits": [],
            "intent": "spotify_turn_up_volume"
        },
        {
            "text": "s\u00fabelo un poco",
            "entities": [],
            "traits": [],
            "intent": "spotify_turn_up_volume"
        },
        {
            "text": "tiene demasiado poco volumen",
            "entities": [],
            "traits": [],
            "intent": "spotify_turn_up_volume"
        },
        {
            "text": "tiene demasiado volumen",
            "entities": [],
            "traits": [],
            "intent": "spotify_turn_down_volume"
        },
        {
            "text": "tienes el volumen muy alto",
            "entities": [],
            "traits": [],
            "intent": "spotify_turn_down_volume"
        },
        {
            "text": "tienes el volumen muy bajo",
            "entities": [],
            "traits": [],
            "intent": "spotify_turn_up_volume"
        },
        {
            "text": "volumen",
            "entities": [],
            "traits": []
        },
        {
            "text": "vuelve a la cancion de atras",
            "entities": [],
            "traits": [],
            "intent": "spotify_previous_track"
        },
        {
            "text": "vuelve atras",
            "entities": [],
            "traits": [],
            "intent": "spotify_previous_track"
        }
    ]
}
